,original,detoxified,similarity,orig_label
0,"who is q wheres the server dump nike dec las fisa Democrats Support Antifa, Muslim Brotherhood, MS13, ISIS, Pedophilia, Child Trafficking, Taxpayer Funded Abortion’s, Election Fraud, Sedition And Treason!!! lock them all up wwg1wga q a non ⁦ http",who is q wheres the server dump nike dec las fisa Democrats Support Ant,0.8769484758377075,OFF
1,. . . What the fuck did he do this time?,What did he do this time?,0.8884658813476562,OFF
2,Do you get the feeling he is kissing behind so he can humiliate him later?,Do you get the feeling he is kissing behind so he can humiliate him later?,1.0000001192092896,OFF
3,stop kavanaugh he is liar like the rest of the gop http,stop kavanaugh he is not honest like the rest of the gop http,0.9770053625106812,OFF
4,hi ac Damn Matt Hardy and Randy Orton put on one hell in a cell match!! Woooo!!! I hope he is okay!!,Matt Hardy and Randy Orton put on one hell in a cell match! Woooo,0.9455359578132629,OFF
5,"Put DeLauro in a police lineup identifying the bag lady"" - she would be picked everytime! She has to be proof either Conn voters are incompetent to vote or she is part of a vast voter fraud conspiracy! No one votes for a woman that gross!""","Put DeLauro in a police lineup identifying the ""bag lady"" - she would",0.9166086316108704,OFF
6,"@ ALL FAMILY/FRIENDS , do not tell me bad shit that your bf/gf did to you just to go right back to them!!!","@ ALL FAMILY/FRIENDS , do not tell me bad things that",0.9369108080863953,OFF
7,"ariana ases in a Is that serious?! Holy shit, please your fucking assholes, don't blame someone for the death of other one. She is sad enough for today, don't you see? It isn't fault of none, he had an overdose and died. End. Stop wanting someone to blame, fuckers.",ariana ases in a Is that serious?! Please don't blame someone for the,0.9000810980796814,OFF
8,How is she hiding her ugly personality. She is the worst.,How is she hiding her bad personality. She is the worst.,0.9946315288543701,OFF
9,......bitch what http,what http,0.6401400566101074,OFF
10,"georgetown Classmate Says left Accuser is Absolutely NUTS"" http ""Judge Kavanaugh"" abc cbs democrats liberals women monday motivation monday morning veterans law maga gop cnn msnbc nbc moms black women bet","georgetown Classmate Says left Accuser is absolutely NUTS"" http ""Judge",0.8829507231712341,OFF
11,Are you referring to how they lollygag with gun control as their kids get slaughtered in schools?,Are you referring to how they deal with gun control as their kids get slaughtered in schools,0.966468095779419,OFF
12,conservatives - You're a clown! http,conservatives - You are not good.,0.8756516575813293,OFF
13,*voice in my head while I transfer money to my credit card* “bullshit that I bought and have to pay for”,voice in my head while I transfer money to my credit card*,0.9502632021903992,OFF
14,kids Beating paraplegic trump boy left Teach Their children Hate Violence! schools teachers democrats liberals walk away moms mother nea teach them young christian catholic jews evangelicals family black women black twitter blacks news media disabled maga http,kids Beating paraplegic trump boy left Teach their children Hate Violence! schools teachers,0.9375044703483582,OFF
15,Are you fucking serious? http,Are you serious?,0.8583508133888245,OFF
16,*gets all the bitches*,gets all of them,0.8035949468612671,OFF
17,omg is he for real ?!?!!??????) this happened in peru like 40 years ago and the Inti devaluated so fucking much that they had to comoletely change the coin system because our money was worthless i-,omg is he for real ?!? ??????) this happened in peru,0.9282550811767578,OFF
18,"conservatism 101 It's not about our disagreements with conservatives Its that Conservatives can't debate honestly, and they have no integrity. Whatever gets them thru today, is all that matters to them. They're fundamentally dishonest people. http",conservatism 101 It's not about our disagreement with conservatives Its that Conservatives can't debate,0.9384592771530151,OFF
19,My only point of contention is this. He decided to keep this group which has top end talent and also decided to hire hot trash Mike McCoy. Wilks hasn't even been able to get his defense to line up correctly. He is in over his head.,My only point of contention is this. He decided to keep this group which has top,0.9063746929168701,OFF
20,And apparently I'm committed to going to a new level since I used the key. Well FUCK. Curiosity killed the Cat(hy),And apparently I'm committed to going to a new level since I used the key.,0.9308622479438782,OFF
21,Then why aren’t there so many shootings in Virginia? Jacksonville shooter got his guns IN MARYLAND!! Among the poster children for gun control! What good did that do?! You’re full of crap.,Then why aren't there so many shootings in Virginia? Jacksonville shooter got his guns IN,0.9332435727119446,OFF
22,Well she is Chuck Schumer's cousin or niece or something so she is obviously part of the DNC conspiracy against Nixon. Or part of the Deep State. Or a Zionist plot. Or 'Big comedy'. Or whatever the hell today's conspiracy theory is.,Well she is Chuck Schumer's cousin or niece or something so she is obviously part of,0.9212964177131653,OFF
23,"I have three accounts. Two quasi-anonymous, and one completely anon. And if twitter ever bans one of the quasi-anon, I'll make two anon accounts and tweet the most insane shit. I will drown twitter in bullshit. If one of those is banned, I'll make even more.","I have three accounts. Two anonymous, and one completely anon. And if twitter",0.9115248918533325,OFF
24,liberals are so pathetic! INNOCENT UNTIL PROVEN GUILTY mean much? democrats should look at their own party if they need a rapist to hang! kavanaugh is innocent walk away from democrats liberal lies are straight from the Pitts of HELL :fire: http,liberals are so pathetic! INNOCENT UNTIL PROVEN GUIL,0.8996856212615967,OFF
25,"$10 Million reallocated from FEMA to ICE. This guy gives zero shits about anyone not named Trump. If you’re in the mid Atlantic, get out. Now. http",$10 Million reallocated from FEMA to ICE. This guy cares about anyone not,0.9288214445114136,OFF
26,fort nite battle royale xbox share Please ban this cheating scum. he is literally invisible http,fort nite battle royale xbox share Please ban this cheating person. he is,0.9717707633972168,OFF
27,sesame street bert and ernie the conversation about this is so unattractive. The creator says he didn't create a character gay and he is being attacked.,sesame street bert and ernie the conversation about this is so unattractive,0.9323817491531372,OFF
28,"colin kaper na eck has done nothing but sit on his ass and complain. It’s time black people and die hard white liberals, who think they are down with the cause aka to wake the heck up or STFU! Colin is not a Civil Rights hero or martyr. No where near it.",colin kaper na eck has done nothing but sit and complain. It's,0.8893157243728638,OFF
29,Amazon will ship live Christmas trees to your door — but will they stay and put on the damn lights? http,Amazon will ship live Christmas trees to your door but will they stay and put on the,0.9546440839767456,OFF
30,I BET she is a lot safer when she has sex now tho ? Or she wouldn’t have just one but a few kids . Why cant moms get dicked down too ?,I bet she is a lot safer when she has sex now tho? Or she wouldn,0.9440832734107971,OFF
31,conservatives Govt ' made my life hell': whistleblowers say they were threatened by regulator; I thought this Govt promised to protect whistleblowers? http,conservatives Govt ' made my life bad': whistleblowers say they were threatened by regulator,0.9499962329864502,OFF
32,lil duval “When you know u ain’t going to work tomorrow” happy friday smile bitch living my best life red heart hit tem with da shoulders http,lil duval “When you know u ain't going to work tomorrow�,0.9462750554084778,OFF
33,serena williams Serena was caught cheating with her coach but because it's collaborative she thinks she is not a thief. In her mind the real thief is the umpire who spotted what was going on and called it out. It's like a couple of bank robbers blaming a guard for calling police,serena williams Serena was caught cheating with her coach but because it,0.8957976698875427,OFF
34,fort nite battle royale xbox share Please ban this cheating scum. he is literally invisible http,fort nite battle royale xbox share Please ban this cheating person. he is,0.9717707633972168,OFF
35,Gun control? I'm wondering who was in control of all those bodies that got suicided because of you. You need to be controlled. 24/7/365 gitmo THE PAIN IS COMING. maga q a non benghazi Hope they televise your demise.,Gun control? I'm wondering who was in control of all those bodies that got su,0.8997340202331543,OFF
36,boycott nfl . You are dead to me. http,Boycott nfl. You are dead to me.,0.9330930709838867,OFF
37,"2a GUN CONTROL KILLS PEOPLE, THIS IS WHY WE NEED CONCEALED CARRY http","2a GUN CONTROL KILLS PEOPLE, THIS IS WHY WE NEED CONCEALED",0.9912698268890381,OFF
38,"Stick to Comedy ... You weren't that funny yo start with, but that political commentary of yours is pathetic !!!","Stick to Comedy you weren't that funny yo start with, but that political commentary",0.9376893043518066,OFF
39,2011 me was cute as hell and I love that 2015 me looks like an Antifa protestor (when really I was freezing cold in the Hunter). And I need to dye my hair again OMG I loved being a redhead. http,2011 me was cute and I love that 2015 me looks like an Antifa protestor,0.9387639760971069,OFF
40,believe all women just when I think things can't get dumber.. this happens.. liberals probably don't realize this because they are children but this isn't equality. How about we treat women an men the same.. pretty sure that'll have better results for culture,"Believe all women just when I think things can't get bad, this happens.",0.8955692052841187,OFF
41,sierra burgess is a loser She is me when my phone dings :face_with_tears_of_joy:,sierra burgess is not good She is me when my phone dings :face,0.9400935173034668,OFF
42,me too are all racist!,Me too are all racist,0.820976972579956,OFF
43,gop still acting like the wimps they are.. What!? they haven’t yet realized that Liberals will hate them regardless of their sentiments.. Either Republicans are just too stupid to get out of their own way or they’re just tilted to far left.. confirm kavanaugh now,gop still acting like they are.. What!? they haven't yet realized that Liberals,0.904558002948761,OFF
44,"serena williams is NOT the first mother to be on the women's tour. She is embarrassingly entitled and a bully. Yes, that is Kim Clijsters winning a Major a year after having a baby. http",serena williams is NOT the first mother to be on the women's,0.9127210378646851,OFF
45,"the archers I want to be brilliant at Karate so I can kick the shit out of everyone""""",The archers I want to be brilliant at Karate so I can kick everyone's,0.9642460346221924,OFF
46,a afia siddiqui is a convicted terrorist but she is widely hailed as the Daughter of pakistan http,Afia siddiqui is a convicted terrorist but she is widely hailed as the,0.9766566157341003,OFF
47,dregs of society ??? deplorable s Liberals usually dehumanize those they want to exterminate later http,bad people of society? deplorable s Liberals usually dehumanize those they want to extermin,0.9760540723800659,OFF
48,"elitist actors nbc liberals of dems in hollywood at the emmy Awards a 'toothless' nbc self-promotion onslaught peppered with me too cracks but it was planned, staged and okay because they are democrats socialist liberals of the left walk away ! http",elitist actors nbc liberals of dems in hollywood at the emmy,0.9336048364639282,OFF
49,dr ford dear professor ford Is a FRAUD Female group paid for and organized by george soros http,Dr ford dear professor ford is a FRAUD Female group paid for and,0.9443816542625427,OFF
50,a run jaitley step down He is most shameless fm in history of India and audacity and shamelessness with which is lies in public is disgrace to post.,a run jaitley step down He is most shameless person in history of India and,0.9494689702987671,OFF
51,"conservatives £2 bn Housing on-trick - What a crock of sh#te""! housing crisis http",conservatives £2 bn Housing on-trick - What a bad idea!,0.9282444715499878,OFF
52,2 weeks of resp done and I still don't know shit my ass still on vacation mode :sleepy_face:,Two weeks of resp done and I still don't know I'm still on vacation mode,0.8849509954452515,OFF
53,"justice for sonia s father Plz help Sonia. She is in pain. Why PTI officials not responding her. She is also getting trouble from PMLN goons. Some1, plz help her. Thanks",justice for sonia s father Plz help Sonia. She is in pain. She,0.9507814049720764,OFF
54,"liberalism is a mental disorder but it is also a danger to our country. liberals are showing themselves to be utterly hateful. They do not CARE about TRUTH, they only care about POWER.",liberalism is a mental disorder but it is also a danger to our country. liberals,0.9480161666870117,OFF
55,"florence hurricane 72 HOURS OF SUSTAINED LETHAL CYCLONIC FORCES, ONLY TO A FEW HOURS TO IMPACT TO north carolina south carolina AND georgia DON'T BE STUPID... GET AWAY FROM THESE AREAS... florence Sep 12 12:13 PM nyc miami houston chicago nj ca la http",florence hurricane 72 HOURS OF SUSTAINED LETHAL CYCL,0.9177753925323486,OFF
56,These are all coranated attacks from idiot loons! They will get worse much worse before the election! Can u imagine idiots who want to get rid of the economy and their 401 along with interest rates just because he is not a polished politician? Idiots!,These are all coranated attacks from unsuitable people! They will get worse much,0.9036319255828857,OFF
57,Awwww she is so stinking cute! How old is she now?,Awwww she is so cute! How old is she now?,0.9837803840637207,OFF
58,"benghazi haiti uranium one seth rich What more does the justice department need? No double standards! Just because you're Rich and Powerful doesn't mean you can rob, seal and murder! drain the swamp hillary for prison vote red maga http",Benghazi haiti uranium one seth rich What more does the justice department need?,0.9374622702598572,OFF
59,join the fight Join the fight against American Communists... Democrats and Liberals have taken this crap to the edge and there is no coming back. They are openly promoting the Destruction of AMERICA. join the fight against communism http,join the fight Join the fight against American Communists... Democrats and Liberals have taken this to,0.9484266042709351,OFF
60,has stated that any talk of Zionist involvement in 9/11 is metaphysical masturbation because he is a disinformation agent taking advantage of people of lesser intellect. He should be ashamed of himself but he’s not because he’s zion el,has stated that any talk of Zionist involvement in 9/11 is metaphysical masturbation because he,0.9555497169494629,OFF
61,"kha lees i kinda watching hi ac ! Wtf does she think she is, a person? Pffft pathetic http","kha lees i kinda watching hi ac ! What does she think she is,",0.939535915851593,OFF
62,And:man_shrugging_medium_skin_tone: females b on the same shit http,And:man_shrugging_medium_skin_tone: females b on,0.9758338332176208,OFF
63,"politics infocus Look Donald! You are only a duck, stop patronizing me! http","politics infocus look Donald! You are only a duck, stop patronizing me!",0.9717714786529541,OFF
64,Antonia Evans was either sex trafficked or cremated.,Antonia Evans was either sex trafficked or cremated,0.9777177572250366,OFF
65,repost thesavoyshow with get_repost ・・・ mark knight Says he is not a racist after drawing a racist picture of serena williams .. Do y’all believe him or nah?:right_arrow_curving_down: http,repost thesavoyshow with get_repost ・・ mark knight Says,0.9413701295852661,OFF
66,walk away democrat socialists socialists socialism resist communists antifa cult crazy insane mental illness empty headed bernie sanders venezuela 42 TRILLION in NEW TAXES alexandria ocasio cortez ocasio cortez endorsement fail miss venezuala 2018 Alexandria Ocasio Cortez http,walk away democrat socialists socialists socialism resist communists antifa cult crazy mental illness empty headed b,0.8884605765342712,OFF
67,the view stormy was in trapped by a dollar bill in her face poor pornstar but no worries the Democratic Party she is the leader of,the view stormy was in trapped by a dollar bill in her face poor pornstar,0.9515799283981323,OFF
68,cnbc what's go talk about the gender gap in silicon valley but won't talk about the gap between conservatives and emo crats and the bias,cnbc what's go talk about the gender gap in silicon valley but won't talk,0.967949628829956,OFF
69,And these entertainment agencies just gonna have to be an ass about it. http,And these entertainment agencies just gonna have to be rude about it.,0.946779191493988,OFF
70,"trump Really, everything Trump does is another piece of evidence for obstruction of justice. He is a talking crime machine.","Trump Really, everything Trump does is another piece of evidence for obstruction of justice.",0.9735597372055054,OFF
71,"disarm them This goes to show how moronic Antifa types are, because this is a good way to encourage some dumbass to rightfully get speedrocked. Open carry users practice weapon retention. Gun grabs will go very badly for you if you try. You will get shot, so don't do it. 2a http","disarm them This goes to show how Antifa types are, because this is a",0.8979255557060242,OFF
72,christine b ford liberals are desperate every time liberals don't get there way they cry racism or sexual assault. Hard to believe,Christine b ford liberals are desperate every time liberals don't get there way they,0.9547562599182129,OFF
73,repost is giving a word with this jacket. preach say no to fuck boys dont give your magic to muggles http,Repost is giving a word with this jacket. preach say no to boys dont give,0.9634314775466919,OFF
74,"cincinnati enquirer steps into gun Control FINALLY. Took a mass sh hoting on their damn door step for their editors to wake up, but better late than never. http",cincinnati enquirer steps into gun Control FINALLY. Took a mass of,0.9399491548538208,OFF
75,!!!!bitch i’m fucking coming back http,I'm coming back.,0.8152795433998108,OFF
76,$uicideboy$ ON HALLOWEEN its aboout to get sooooo FUCKING spooky,$uicideboy$ on HALLOWEEN its aboout to get,0.9553446769714355,OFF
77,"democrat controlled city with strict gun control laws and wants to blame the gop Um, isn’t it you rich democrats trying to keep the blacks in poverty? walk away http",democrat controlled city with strict gun control laws and wants to blame the gop Um,0.9250873327255249,OFF
78,walk away from catholicism it is a corrupt to the core and become a giant autocratic pedophile ring.,Walk away from catholicism it corrupt to the core and become a giant autocratic,0.9709382653236389,OFF
79,"california PATRIOTS... especially those in ca21 Obama/Soros are attempting to take this House seat to get control of Congress. Say no to TJ Cox. He is a shill Candidate fronted by the dastardly duo. Please get out and vote David Valadao for House, Dist 21! Follow http",california PATRIOTS... especially those in ca21 Obama/Soros are,0.8837487101554871,OFF
80,- When she takes her nigga name out her bio. http,When she takes her name out her bio.,0.9166860580444336,OFF
81,Exactly it’s bc slick woods has that unconventional look that she’s who she is yea she ain’t attractive to most of us but that shit don’t matter @ all lol,"Exactly, it's because slick woods has that unconventional look that she's who she is",0.8791217803955078,OFF
82,crowder confronts continues to expose that the SJW bullies are paper tigers when conservatives fight back with truth and facts. dont be afraid confront with truth http,crowder confronts continues to expose that the SJW bullies are paper tigers when conservatives fight,0.9528641700744629,OFF
83,becky lynch is beautiful one of the few women in wrestling that absolutely need no work done at all. She's absolutely beautiful just the way she is. Doesn't need giant boobs or a fake booty. is just simply amazing hi ac,Becky lynch is beautiful one of the few women in wrestling that absolutely need no,0.9183887243270874,OFF
84,democrats 2 we have yet to hear one of these righteous Democrats 'attack and insist' that Ellison resign after 'he' was accused of assault nor have we heard them call for Cory 'Spartacus' Booker to resign after he 'admitted' to sexual assault in 1992..the 'stink' of liberals.,democrats 2 we have yet to hear one of these righteous Democrats 'attack and insist,0.9209260940551758,OFF
85,"1 son, knockin it out the fuckin park...... http","1 son, knockin it out the park",0.8792061805725098,OFF
86,"Okay and? Anybody can go to Eredivise and score 15+ goals. Shit league. Bundesliga teams are competitive in euro competitions. Mexico hasn’t produced any talent like Pulisic in a long time. It’s okay, maybe you guys will one day.",Okay and? Anybody can go to Eredivise and score 15+ goals,0.9024078845977783,OFF
87,kalyani is a very stupid teenager. I totally despise her for the atrocities she is doing towards Aunty Anupriya. She blames her for her mom’s death. She should stop and listen to Anupriya side of the story before she makes vile accusation tujhsehairaabta zeetv serials,kalyani is a very naive teenager. I totally despise her for the atrocities she,0.9304943084716797,OFF
88,kalyani is a very stupid teenager. I totally despise her for the atrocities she is doing towards Aunty Anupriya. She blames her for her mom’s death. She should stop and listen to Anupriya side of the story before she makes vile accusation tujhsehairaabta zeetv serials,kalyani is a very naive teenager. I totally despise her for the atrocities she,0.9304943084716797,OFF
89,She is the most disingenuous person in the Senate. If she was my Senator I would hide in shame after her despicable behavior in the SCOTUS hearings.,She is not a good person in the Senate. If she was my Senator I would,0.9112509489059448,OFF
90,democrats liberals you are being threatened by armed nazis and you talk about disarmament of yourselves and of disconnection from the military lifestyle ? You should broadcast your armory and kill skills right fucking now http,democrats liberals you are being threatened by armed nazis and you talk about disarm,0.9550873637199402,OFF
91,"699. Just wanted to tell you you should Hang Out With Me More. i think it’ll be fun! Also, lmao dick for a tongue? So people can easily suck me off. HAHA kidding aside, i aint want a tongue as my dick that looks hella weird.. but my choice was weird to but WHATEVER",I just wanted to tell you that you should Hang Out with Me More. I think,0.8480663895606995,OFF
92,"3,000 is definitely a tad high Puerto Rico. How about you DemocRATS provide proof? Providing names, locations, and next of kin shouldn’t be that hard. I hope you don’t mind, but I will not be holding my breath. http via http","3,000 is definitely a tad high Puerto Rico. How about you provide proof?",0.8932297825813293,OFF
93,avalanche I'm sorry! I see you! I love you! I was an asshole! You know how we are maga,avalanche I'm sorry! I see you! I love you! You know how,0.9727177023887634,OFF
94,"familiar wife JH-OMG, she is crazy WJ-Wait!....yes, I am interested in assistant manager Cha BH-You guys look like a good pair VO-Are you having some""? Just sit over here JH-Don't do it! WJ-Lets live our own life. Lets do it News-Collision on hwy, there is congestion JH-Woo-jin~ http","familiar wife JH-OMG, she is crazy WJ-Wait!",0.9260220527648926,OFF
95,All I’m saying if we cool and you feel any type of way about me.. speak the fuck up.,All I'm saying is if we cool and you feel any type of way about me,0.9585387706756592,OFF
96,c uck servative Traitors Are Worse Than Fortnite Players http conservatives trigger warning radio,c uck servative Traitors Are Worse Than Fortnite Players http conservatives trigger,0.9912407994270325,OFF
97,"barbara Boxer If LIBERALS Want to Use RAPE as a Political Tactic! THEY Had Better Have Some HARD EVIDENCE! Her Word Isn't Evidence!!! Its Called HEARSAY . On that note, I Could Say ' YOU ' Cornered Me In A Bathroom, And put YOUR Hands All Over Me' 35 Years Ago. PROVE ME WRONG http",barbara Boxer If LIBERALS want to use RAPE as a Political T,0.8958060145378113,OFF
98,Gun control doesn't stop kids and people getting murdered by guns. Chicago has had gun control for decades and it has multiple shootings every week.,Gun control doesn't stop kids and people getting murdered by guns. Chicago has had gun,0.953021764755249,OFF
99,faux progressives I’ve been done with these corrupt democrats for years now and here’s more proof! Ocasio-Cortez Endorses Cuomo As Cuomo Flips Off Progressives http via liberals cory booker ocasio cortez,I have been done with these people for years now and here's more proof! O,0.8622183203697205,OFF
100,constitution day It's very odd for the alt right conservatives to say that we are ruining the constitution just because we want gun control now but they are the ones ruining the constitution getting upset because foreigners are coming to this land who are not White wanting to live,constitution day It's very odd for the alt right conservatives to say that we are,0.9169141054153442,OFF
101,"eric STALL-WELL, DEMOCRAT FROM CALI.should worry about fixing his own state, instead of trying to muster up sympathy, for the LIAR, PROF. HUNT! On FOX NEWS! See liberals FOX IS BALANCED, AND GIVES BOTH SIDES.","eric STALL-WELL, DEMOCRAT FROM CALI.should worry",0.944257915019989,OFF
102,And dicks. http,And bad people.,0.8175260424613953,OFF
103,liberal logic kavanaugh looks predatory. Therefore he's guilty. liberals are DANGEROUS people who should not govern anyone or anything. http,Liberal logic kavanaugh looks predatory. Therefore he's guilty.,0.9252863526344299,OFF
104,children now Mixed Up .. Over gender studies crap and socialism .. yeah like I did not see this one coming! mega mb ga maga mcga conservatives patriots protect children http,"children now Mixed up over gender studies and socialism, yeah like I did not see this",0.9050557613372803,OFF
105,"orrin hatch I can’t believe this sexist , clueless, old fart gets to weigh in on another woman’s charges against a Supreme Court nominee. And he is spouting the same old nasty shit he spewed 20+ years ago against Anita Hill. His time’s up! Good riddance Neanderthal!",orrin hatch I canтАЩt believe he gets to weigh in,0.7880115509033203,OFF
106,"4. (Part 2) Didn't have to think too hard to come up with Gabriel. They're a lizard themed, glitter bombing, antifa mech pilot using their superhero powers to take down corrupt logging companies. They're a buff lesbian with hearts on their uniform. Literally what's not to love?",4. (part 2) Didn't have to think too hard to come up with,0.8818904757499695,OFF
107,"repost theleadersmindset • • • :round_pushpin:Hola Leaders!:fire: :check_mark:Type “READY” if you are ready to follow this steps. - “ Set goals, stay quiet about them, smash the shit out of them, clap for your damn… http",repost theleadersmindset:Hola Leaders:fire:check_mark:,0.9208859801292419,OFF
108,And have a bitch thinking you niggas have money and you tf don’t.,And have someone thinking you have money and you don't.,0.9034625291824341,OFF
109,*Extremely* back on my bullshit. http,*Extremely* back on my bad words.,0.9264405369758606,OFF
110,7 fucking years. my twitter anniversary http,7 years. my twitter anniversary,0.9606691598892212,OFF
111,"dems are disgusting. They only believe women who accuse conservatives of abuse crimes. When liberals are accused, they ignore the accusations. http",dems are not good. They only believe women who accuse conservatives of abuse crimes.,0.9703172445297241,OFF
112,"50 Cent Calls Out Joe Budden's Bullshit"" On Instagram http http","50 Cent Calls Out Joe Budden's ""Bad"" On Instagram http http",0.9768087863922119,OFF
113,"bb20 actually question why do people want Jc to win more than Angela? He has been way meaner, says the n word repeatly, makes fun of eating disorders, and sexually harasses houseguests.She is just as much as an underdog to win so dont use that excuse. bb20 tangela",bb20 actually question why do people want Jc to win more than Angela? He,0.9170113801956177,OFF
114,2018 not surprised it starts from the top!!! Karma a bitch watch!!!! http,2018 not surprised it starts from the top! Karma watch! http,0.9488550424575806,OFF
115,Be sure to send out the left's antifa thugs.,Be sure to send out the left's antifa thugs.,1.0,OFF
116,Alright let me get right with God bc Mother Nature is like fuck humans http,Alright let me get right with God bc Mother Nature is cruel to humans,0.979141354560852,OFF
117,hypocrites democrats hate america liberalism is a mental disorder EVERYTHING LIBERALS TOUCH TURNS TO ABSOLUTE SHIT... http,hypocrites democrats hate america liberalism is a mental disorder EVERYTHING LIBER,0.959600567817688,OFF
118,liberals are pushing a gay agenda and republicans are pushing a zionist agenda,liberals are pushing a gay agenda and republicans are pushing an zionist agenda,0.9984044432640076,OFF
119,As I have said the media and money Soros with dip shit Waters is creating a civil war.,As I have said the media and money Soros is creating a civil war.,0.9768950939178467,OFF
120,I really don't care that she's married to a black man - he is just as clueless as she is about real problems that black people are facing in America today.,I really don't care that she's married to a black man - he is just,0.9497030973434448,OFF
121,1 tf. He saw that shit. http,1 tf. He saw that.,0.9110277891159058,OFF
122,fake news media is the enemy of the people They want to control YOUR minds by controlling what information you get and do not get. The 1st amendment may protect elitist propaganda but it does not legitimize it or make it palatable to an engaged public. http,fake news media is the enemy of the people They want to control YOUR minds by controlling,0.9224972724914551,OFF
123,Anyone who finds M*neta's behavior funny can fuck off and die,Anyone who finds M*neta's behavior funny can go away and live,0.9830763339996338,OFF
124,"The difference between you and I as I stated before, and this inane asinine comment have solidified is I bring facts and truth, while all you have is lies and bullshit. Present a single shred of credible evidence to support a single thing you've just said. Lies is all you've got.","The difference between you and I as I stated before, and this inane comment have",0.907719612121582,OFF
125,Damn I felt this shit. Why you so loud lol,I felt this because you are so loud lol,0.898723840713501,OFF
126,cnn is fake news you wonder why your ratings suck... cnn is a joke fake news maga http,cnn is fake news you wonder why your ratings suck... cnn is a joke,0.9776502847671509,OFF
127,$b album definitely worth the fucking wait,$b album definitely worth the wait,0.9830257892608643,OFF
128,"3 days before BBC Radio 2’s Festival in a Day, they decide to tell us that their headline act isn’t coming anymore. Thanks a lot, now I’ve paid a fortune to see a tonne of acts who are shit and who are of no interest to me :expressionless_face::thumbs_up_light_skin_tone:","3 days before BBC Radio 2’s Festival in a Day, they decide to",0.8741897344589233,OFF
129,"joe scarborough is a vile excuse for a journalist"". Here he is criticizing trump yet refuses to come clean about the death of an intern in his office. Stop talking about everyone else and start talking about YOUR INVOLVEMENT WITH lori klaus ut is",Joe scarborough is a bad excuse for a journalist. Here he is critizing Trump,0.8809638023376465,OFF
130,Ain’t nobody shit if you ask me... including myself.,Ain't nobody mess if you ask me... including myself.,0.9880369901657104,OFF
131,"The Dregs of Society""... more LABELINGand DEHUMANIZING Conservatives.I suggest,WE, Conservatives keep OUR ammo dry and OUR guns loaded..If the Fascist Liberal Left THINK Conservatives WILL go quietly into internment camps or slaughtered in the streets they NEED a REALITY check. http","The ""people of Society""... more LABELINGand DEHUMANIZ",0.9190251231193542,OFF
132,feinstein you cant say anything truthful. You are a loers and liar. http,Feinstein you can't say anything truthful.,0.9040188789367676,OFF
133,life is but epu when you have sex anytime you want but you are single,Life is but epu when you have sex anytime you want but you are single,0.9974269866943359,OFF
134,nigeria naija 9ja 'You are the most incompetent leader in Nigeria’s history' – Atiku blasts Buhari http By championnewsng Via http,Nigeria naija 9ja 'You are the most incompetent leader in Nigeria,0.9479309320449829,OFF
135,"emmys Well, most of those ex-crackheads are liberals and Democrats; so ...","emmys Well, most of those ex-crackheads are liberals and Democrats",0.9705209732055664,OFF
136,// SO WANT TO KICK TWITTERFUCK ASS.,I want to speak with you.,0.6298524141311646,OFF
137,"failed dem feinstein should have quit decades ago. She is a disgrace. Feinstein blames GOP after Kavanaugh accuser stays mum, admits 'I can't say everything's truthful' http",dem feinstein should have quit decades ago. She is not good. Feinstein blames GOP,0.9487972855567932,OFF
138,"Really? The GOP hasn't even seen the letter yet. This sham is as subtle as a banana on a pool table and you won't, cant, see it. DiFi throws a hail Mary @ the 13th hour, and you cry foul. At elast Ford won't have antifa coming to burn her house down. Dems are going down, hard.",Really? The GOP hasn't even seen the letter yet.,0.895578920841217,OFF
139,fuck,i don't care,0.5750642418861389,OFF
140,". a grown ass woman, probably 10 years older than me is currently spreading rumors rather than talking to me about it, nice work you got there satan :red_heart:","a grown woman, probably 10 years older than me is currently spreading rumors rather than talking",0.9133877754211426,OFF
141,idiots Is there nothing beneath them? Lol. What fools Liberals are! maga kag :United_States::United_States::United_States::United_States::United_States: http,Is there nothing beneath them? Lol. What liberals are,0.8327723741531372,OFF
142,sugar daddy Retweet if you are under 30 and would like share memes with each other and we can talk about dumb shit. Cuz baby I’m broke as shit but this love rich http,Sugar daddy Retweet if you are under 30 and would like share memes with each,0.9361772537231445,OFF
143,geoffrey owens niggas don’t really understand...levels to career pursuits,geoffrey owens don't really understand...levels to career pursuits,0.9778568744659424,OFF
144,"...what about death _metal_? I want more death METAL... Tell me, you hateful Keebler Elf, WHERE CAN I HAVE MORE DEATH METAL???? http","what about death _metal_? I want more death METAL... Tell me,",0.9021406173706055,OFF
145,Am I a dickhead ???? Probably yes,Am I bad? Probably yes,0.8856682181358337,OFF
146,(cr1tikal voice) smef my ass cheeks,cr1tikal voice) smef my cheeks,0.9674966335296631,OFF
147,'cause everyone knows a real leader falls into a van like a sack of potatoes.....,cause everyone knows a real leader falls into a van like a sack of potatoes,0.9460071325302124,OFF
148,"boycott nike campaign must continue and grow Paying overseas staff $0.20 an hour is not okay because your staff is over there"". You are exploiting poor women/men in the world. This is more than Americans can stand. http",Boycott nike campaign must continue and grow Paying overseas staff $0.20,0.9161980152130127,OFF
149,believe When you have a fat belly then you are insulin resistant and can remedy it without medicine by fasting... info is here http http,Believe When you have a fat belly then you are insulin resistant and can remedy it,0.9396621584892273,OFF
150,charlottes vile speech trump should've given. http t cot c ville conservatives charlottesville kkk liberty gop,charlottes vile speech trump should've given. http t cot c v,0.9653953313827515,OFF
151,"news Jeff Sessions: If you want more death, 'listen to the ACLU, Antifa, Black Lives Matter'"" http cnbc","news Jeff Sessions: If you want more death,listen to the ACLU, Ant",0.9460443258285522,OFF
152,Anyway this game sucks :),Anyway this game is not good,0.9079011678695679,OFF
153,i believe blase y ford is liar she is fat ugly libreal snowflake she sold her herself to get some cash !! From dems and Iran ! Why she spoke after john kerry iran meeting ?,i believe blase y ford is liar she sold her herself to get some cash,0.9374297857284546,OFF
154,conservatives do NOT represent all Canadians. They are Authoritarian scum. cdn poli on poli http,conservatives do NOT represent all Canadians. They are Authoritarian. cdn poli,0.9644188284873962,OFF
155,"fords attorney says she's receiving death threats and has had to move her family to safety"". Where's the proof that democrats antifa are not doing this to promote this circus?""",fords attorney says she's receiving death threats and has had to move her family to,0.9401557445526123,OFF
156,scott gimp le ruined the walking dead and now he is doing the same to fear twd . Hope the checks cash forever because he should never get another job. amc,scott gimp le ruined the walking dead and now he is doing the same to,0.9478131532669067,OFF
157,Another season for Tom Brady to give it to these niggas,Another season for Tom Brady to give it to them.,0.9298266768455505,OFF
158,"life is but epu when you are black and can say the word nigga"". Feel me my niggas??? http",Life is but epu when you are black and can say the word,0.925479531288147,OFF
159,"emmys host michael che says that only white people thank jesus at award shows are republicans ex crackheads ! liberals which one is the pope ~ republican or ex crackheads ? emmyawards2018 roasted 4 mocking Middle America, ratings hit all-time low! http",emmys host michael che says that only white people thank jesus at award,0.919511079788208,OFF
160,austerity Low pay tuition fees Lack of housing Wages falling universal credit Unaffordable rents nhs crisis Crap railways Empty shops br exit No deal exit from EU windrush grenfell In just 8 short years the have completely fucked the UK,austerity Low pay tuition fees Lack of housing Wages falling universal credit Unaffordable,0.9477931261062622,OFF
161,"republican devin nunes Says Liberals, Antifa Are ‘Causing All of These Riots’ Because ‘We're Winning’ - Newsweek http","republican devin nunes says Liberals, Antifa Are Causing All of",0.9400864839553833,OFF
162,"3 days before BBC Radio 2’s Festival in a Day, they decide to tell us that their headline act isn’t coming anymore. Thanks a lot, now I’ve paid a fortune to see a tonne of acts who are shit and who are of no interest to me :expressionless_face::thumbs_up_light_skin_tone:","3 days before BBC Radio 2’s Festival in a Day, they decide to",0.8741897344589233,OFF
163,tyt live Trump needs to go because he is a danger to the country and the world. Any way we can get rid of him is good,tyt live Trump needs to go because he is a danger to the country and the,0.9614399671554565,OFF
164,david hogg you're nobody.,david hogg you're nobody.,0.9999999403953552,OFF
165,"room 25 is actually incredible, Noname is the shit, always has been, and I’m seein her in like 5 days in Melbourne. Life is good. Have a nice day.","room 25 is actually incredible, Noname is the same, always has been, and",0.9140841960906982,OFF
166,"vaginal davis is a radical performer, educator, and artist who embraces life at the margins of multiple identities. She is an intersex “terrorist drag” queen of Black Creole, Mexican, and German Jewish roots born in Los Angeles, CA sometime around the 60s!","vaginal davis is a radical performer, educator, and artist who embraces life at",0.935233473777771,OFF
167,"desantis de racist as bad a choice as he is, he “distanced” himself from the Prez’s comments today questioning any deaths in Puerto Rico from Hurricane Maria what a putz","desantis de bad a choice as he is, he “distanced”",0.8987998962402344,OFF
168,0-1 lost my acca on the first fucking fight cba,I lost my acca on the first fight cba,0.9479766488075256,OFF
169,Who the hell does he think he is?,Who does he think he is?,0.9588750600814819,OFF
170,She is just nasty,She is not nice.,0.9201123118400574,OFF
171,liberalism is a mental disorder hypocrites democrats hate america democrats are dangerous EVERYTHING LIBERALS TOUCH TURNS TO ABSOLUTE SHIT. http,liberalism is a mental disorder democrats hate america democrats are dangerous,0.8494638204574585,OFF
172,88% of these niggas have podcasts and YouTube channels dedicated to this and shit ain’t getting solved so http,87% of these people have podcasts and YouTube channels dedicated to this and it ain't,0.9588673114776611,OFF
173,Anytime I randomly bust out laughing it’s because I remembered some dumb shit Albria said :loudly_crying_face::loudly_crying_face:,Anytime I randomly bust out laughing it’s because I remembered something Albria,0.899194598197937,OFF
174,:face_with_tears_of_joy: You do not like the Jewish people because you ALL claims they are holding all the money. Sound familiar? Your left wing libtard family is the family of the KKK. You do not hate Jews? That’s funny. Gun control; even funnier. Good luck,face_with_tears_of_joy: You do not like the Jewish,0.8976504802703857,OFF
175,5k Bitches :party_popper::blue_heart:,5k Bitches :party_popper::blue_heart:,0.9999999403953552,OFF
176,conservatives are more upset about bert en ernie being gay than having a sexual predator in the a hooker as and a rapist as supreme court justice,conservatives are more upset about bert en ernie being gay than having him,0.9501566886901855,OFF
177,"conservatives just like old garbage bags blowing in the wind, here's an old garbage bag now... http","conservatives just like old garbage bags blowing in the wind, here's an old garbage",0.9630656838417053,OFF
178,arizona tennessee alaska sc As soon as these RINOS (aka liberals) are up for reelection vote them out! drain the swamp :collision: http,arizona tennessee alaska sc As soon as these RINOS (,0.9142898321151733,OFF
179,bakersfield is why we need gun control! Sorry for the victims other than the gunman himself I hope he rots in hell!,bakersfield is why we need gun control! Sorry for the victims other than the,0.9599399566650391,OFF
180,honour sacrifice boycott match I hope d human rights rats r happy!hope Sidhu is happy! I hope d liberals r happy! Let’s play cricket wth thm let’s thank thm 4 wht they r doing 2our soldiers Let’s celebrate our impotence funny a piddly little nation like pak is taking us 4 a ride,honour sacrifice boycott match I hope d human rights rats r happy!hope Sid,0.9240104556083679,OFF
181,"resist traitors caught on video breaking our laws to further their communist socialism ways and slow down the trump agenda. They are the DC Chapter of Democrat Socialists of America. Forget anTifa, that is a distraction from the real Resistance. maga http",Resist traitors caught on video breaking our laws to further their communist ways and slow,0.9247919917106628,OFF
182,Alex Jones be smokin be dicks out here but mans really got supporters out here :face_with_tears_of_joy:,Alex Jones be bad out here but mans really got supporters out here :face_with,0.9460198879241943,OFF
183,"cory booker is not a hero, he is an American traitor and should be treated as such. Arrest, prosecute, and carry out sentence. kavanaugh confirmation http via","cory booker is not a hero, he is an American traitor and should be",0.9119197726249695,OFF
184,100 Round Goon Bitch Is You Kiddin Me:rolling_on_the_floor_laughing:,100 Round Goon is You Kiddin Me:rolling_on_the_floor,0.9828225374221802,OFF
185,communist news networks rented lips why are you never ever seen protesting and demanding Gun Control on the streets of Chicago? liberals hate america http,communist news networks rented lips why are you never ever seen protesting and demanding Gun Control,0.9577534198760986,OFF
186,more bs = MORE barry soe toro bullshit,more bs = MORE barry soe toro,0.9782172441482544,OFF
187,"tyt live OMG how can a Latino faith based woman think that Trump is Christian. Wow, he is the poster child for immorality and hating Latinos",tyt live OMG how can a Latino faith based woman think that Trump is Christian.,0.9654569029808044,OFF
188,democrats and liberals accuse brett kavanaugh and have no proof!! Meanwhile they supported ted kennedy in his run for and called him the lion of the Senate and he killed a woman. wednesday wisdom news trump http,democrats and liberals accuse brett kavanaugh and have no proof ! Meanwhile they supported,0.9476218223571777,OFF
189,carrey is a pervert himself!,carrey is not good,0.8168225288391113,OFF
190,An American Tail really is one of the most underrated animations ever ever ever. Fuck I cried in this scene,An American Tail really is one of the most underrated animations ever ever ever. I cried,0.9830061197280884,OFF
191,nigga are you stupid your trash dont play with him play with your bitch :face_with_tears_of_joy:,Don't play with him play with your tears.,0.852480411529541,OFF
192,no one ask me But here's my opinion offset keeping this beef up between card ib and he know Cardi slow and believe everything he says.. She is his meal ticket. I just think offset need to sit his ugly ass down.,no one ask me But here's my opinion offset keeping this beef up between card ib,0.9340749979019165,OFF
193,maga who cares about the farm. He had no reason to commit murder. End of story.,maga who cares about the farm. He had no reason to commit murder. End,0.9740612506866455,OFF
194,I guess that’s where swamp ass originated,I guess that's where swamp originated,0.9543512463569641,OFF
195,Titty.,Titty.,0.9999998211860657,OFF
196,"texas Wake up! A Socialist is mesmerizing the weak-minded in your state! YOU ARE **TEXAS** FOR CRYING OUT LOUD! Of all the places that embody the American Spirit of Individual Freedom, TEXAS IS THE STANDARD BEARER Make a damn stand for your GREAT Senator save texas http",Texas Wake up! A Socialist is mesmerizing the weak-minded in your state!,0.8748297691345215,OFF
197,"...and how very irrelevant. But if they didn't find weed, they would have dug up an 8th grade picture of him wearing a hoodie and talk about what a thug"" he is.""","and how very irrelevant. But if they didn't find weed, they would have dug",0.9093418121337891,OFF
198,And she has a pet??? Fucking disgusting http,And she has a pet?,0.9071705341339111,OFF
199,"liberal hypocrisy taco bell When Liberals ask why your against illegal immigration? Taco Bell Employee: No Habla Ingles!"" http",Liberal hypocrisy taco bell When Liberals ask why your against illegal immigration? Taco Bell Employee:,0.9760829210281372,OFF
200,"5 years ago Antifa rapper Pavlos Fyssas surrounded by fascists of the Golden Dawn Party in Keratsini, Athens, and stabbed to death. Five years later WE DO NOT FORGET WE DO NOT FORGIVE http http",5 years ago Antifa rapper Pavlos Fyssas surrounded by fascists of the Golden,0.8681540489196777,OFF
201,black ink crew chi lily they don’t hate you....you Hate you. You are your own worst enemy cause you let your anger get in the way I legit feel like Shes one of the kids I Work with at my job,black ink crew chi lily they don't hate you,0.9123675227165222,OFF
202,justice for sonia s father Mr Usman buzdar sb! please respond to Sonia Iqbal daughter of PTI counsellor from okara whose father was killed during elections by nawaz league killers. She is saying she will commit suicide in front of media. Where is justice?,justice for sonia s father Mr Usman buzdar sb! please respond,0.9319341778755188,OFF
203,(((ruth porat))) another coincidence? these are NOT good people. And now people like her are shapping the narrative by censoring search results :enraged_face:,another coincidence? these are NOT good people. And now people like her are distrub,0.918523907661438,OFF
204,- WORST POTUS. EVER!,- WORST POTUS,0.9465532302856445,OFF
205,conservatives have no genetic ability to understand hypocrisy or irony Right wing ideology gets ya all twisted in knots. on poli ontario party of yesteryear fraud nation http,conservatives have no genetic ability to understand hypocrisy or irony Right wing ideology gets you all,0.9418176412582397,OFF
206,o it nb She is the worst public defender. Trailing her pen uner the words.,o it nb She is the worst public defender. Trailing her pen uner,0.98291015625,OFF
207,the view both am jean I don't believe amy guy ger she is a lying pos! I live near a police station..I hope and pray a cop doesn't bust up in my house thinking it's his/hers and kills me..my God..we/people of color are police prey..we're always in police cross-hairs..no matter what,the view both am jean I don't believe amy guy ger she is a lying,0.9058113098144531,OFF
208,And that’s why you were at NYFW cause your such a class act.. getcho wack ass outta here http,And thatтАЩs why you were at NYFW cause your such,0.9298855662345886,OFF
209,greatest things about the 90s liberals weren’t unhinged,greatest things about the 90s liberals weren't unhinged,0.9978983402252197,OFF
210,"conservatives We mus pray for liberals. They trooly kno knot watt they do. I was brot up socialist democrat, by my wonderful, but, ignorant parents. I served inda military. I learnd I can serve Christ, too. Eye reel -eyesed CONSERVATIVISM was more closely aligned w God.",conservatives We mus pray for liberals. They trooly kno knot watt they do,0.9422087669372559,OFF
211,deplorable dreg of society says she is joe Biden’s girlfriend. lol maga red tidal wave onward dregs http,deplorable dreg of society says she is joe Biden’s girlfriend,0.9565555453300476,OFF
212,"disarm them antifa Please NO ONE be stupid enough to do this. Most of us DO NOT open carry, most of us carry concealed. Anyone stupid enough to do this, that is considered an act of aggression and you will be shot We also carry more than one weapon. We shoot to kill, not maim.",disarm them antifa Please no one be stupid enough to do this. most of,0.901719868183136,OFF
213,All these sick ass ppl from school gave me something and now I have to chug down this nasty drink so it can go away:upside-down_face:,All these people from school gave me something and now I have to chug down this,0.9317886233329773,OFF
214,conservatives are going to make hay out of trudeau s answer but the truth is there’s criminals everywhere and people who will commit heinous acts of violence. Whether they’re from Syria and have brownskin or are white Canadian born it’s tragic all around. http,conservatives are going to make hay out of trudeau s answer but the truth is,0.9253179430961609,OFF
215,conservatives are dumber than dogshit is the central point of my tweet,conservatives are bad than dog is the central point of my tweet,0.9780908823013306,OFF
216,femi nazis are Liberals so me too only counts when they blame a non-Liberal man. bizarro kag2018 :red_heart::United_States: http,Femi nazis are Liberals so me too only counts when they blame a non,0.8968455791473389,OFF
217,crazy redhead in very angry at the orange cheeto Who claims to be our president . She will never accept it. Denying all the lives lost in Puerto Rico? He is a monster http,crazy redhead in very angry at the orange cheeto Who claims to be our president,0.9388670325279236,OFF
218,Bull crap. You know she doesn't care. She is trying to get attention for her Presidential run. Do you see any other Senator giving nonsense? Nope.,You know she doesn't care. She is trying to get attention for her Presidential run,0.9362151622772217,OFF
219,"europa league Song the EU, cash your remaining chips in and p*ss off :thumbs_up: You've played all your cards and liberals in the U.S too. Brexiteers and Trump takes it all so be nice eh and life'll be better for everyone. http","europa league Song the EU, cash your remaining chips in and p*ss off",0.9292654991149902,OFF
220,$1500 for a phone. You all are fucking dumb.,$1500 for a phone,0.8498364686965942,OFF
221,creepy porn president I WANT THIS TRENDING UNTIL HE IS OUT OF OFFICE http,I want this TRENDING UNTIL HE IS OUT OF OFFICE,0.966758131980896,OFF
222,how to get people out of your home Tell them that you're a vampire...then threaten to eat them if they don't get their asses out. *shrugs* What? Problem?,how to get people out of your home Tell them that you're a vampire...then,0.9454426169395447,OFF
223,"kavanaugh The moment blase y ford is exposed as a fraud, expect a new accuser to surface. Liberals are a one trick pony. liberalism is a mental disorder","kavanaugh The moment blase y ford is exposed as a fraud, expect a",0.9436389207839966,OFF
224,hi ac Why is it this match too with Becky vs Charlotte kinda sucky so far? They are taking shots back and forth and stumbling around like a drunk version of Final Fantasy or something.,hi ac Why is it this match too with Becky vs Charlotte kinda bad so far?,0.9411651492118835,OFF
225,"b cog she is cool, confident, cocky, and she kicks ass!!! http","she is cool, confident, and she is awesome",0.8902474641799927,OFF
226,chequers plan What an absolute farce Brexit is. The conservatives have no idea at all and May is now totally discredited. Time for an election for the many,chequers plan What an absolute farce Brexit is. The conservatives have no idea,0.9642503261566162,OFF
227,oh fuck off :face_with_tears_of_joy::face_with_tears_of_joy:,"Go away,face_with_tears_of_joy",0.9109910130500793,OFF
228,liberal hypocrisy criminal democrat evidence ellison liberals hypocrites Keith Ellison domestic violence accuser says Democratic party doesn't believe her story http,liberal hypocrisy criminal democrat evidence ellison liberals hypocrites Keith Ellison domestic violence accuser says Democratic,0.9845467209815979,OFF
229,democrat party of domestic terrorists fascist antifa femi nazi Don't Just walk away RUN! http,democrat party of domestic terrorists Don't Just walk away RUN! http,0.962429404258728,OFF
230,maga Tell me ONE good thing trump has done as president I dare you! He is the worst president in history.,maga Tell me ONE good thing trump has done as president I dare you! He,0.9587967395782471,OFF
231,Beats the hell NJ out of me lol. Dude already made the assumption that I'm antifa. He even ignored all the evidence to make that assumption.,Beats NJ out of me lol. Dude already made the assumption that I'm ant,0.9684982299804688,OFF
232,stop etc he co par Fuck you all :middle_finger::middle_finger::middle_finger::middle_finger::middle_finger: Que florezcan mil Baby Etchecopar :sunflower::sunflower::sunflower:,"Stop talking, he's gone.",0.6677100658416748,OFF
233,Laws are for the law abiding citizens. We have the second amendment. We don’t need more gun control. Criminals don’t care they will use guns until the end of time! Figure out how to stop them from using guns!,Laws are for the law abiding citizens. We have the second amendment. We don,0.9076210260391235,OFF
234,"antifa are mentally unstable cowards, pretending to be relevant. http",antifa are pretending to be relevant.,0.9306838512420654,OFF
235,And Browning looked like dog shit against the same FCS school. What’s your point?,And Browning looked bad against the same FCS school. What's your point?,0.9767216444015503,OFF
236,"1) Wow, safe sex! That's hot! We love a butch top who also receives! http","1) Wow, safe sex! That's hot! We love a butch top",0.9676138162612915,OFF
237,All two of them taste like ass. http,All two of them taste bad.,0.9038341045379639,OFF
238,3 people just unfollowed me for talking about merlin sorry y'all im still up covinsky's ass im just waiting for a psisly sequel announcement ive run out of witty and funny tweets about tatbilb i am drained,3 people just unfollowed me for talking about merlin sorry y'all im,0.9269854426383972,OFF
239,"wednesday wisdom Antifa calls the right fascist when, in all reality, they and the left are following the same scenario as the Third Reich: indoctrination of our youth, trying to control minorities and a total lack of understanding or knowledge of history. walk away","wednesday wisdom Antifa calls the right fascist when, in all reality, they and",0.9094952344894409,OFF
